{
  "rows": [
    {
      "split_name": "march_only",
      "date_field": "publishedDate",
      "months": "3",
      "query_count": 74,
      "doc_count": 173031,
      "ndcg_cut_10": 0.20085743307669482,
      "ndcg_cut_1000": 0.23691444961765518,
      "map": 0.17685908523133814,
      "recall_100": 0.40990990990990994,
      "recall_1000": 0.4166666666666667
    },
    {
      "split_name": "march_april",
      "date_field": "publishedDate",
      "months": "3,4",
      "query_count": 92,
      "doc_count": 343421,
      "ndcg_cut_10": 0.21821409453113685,
      "ndcg_cut_1000": 0.27397919942782767,
      "map": 0.18627220511158954,
      "recall_100": 0.5101449275362319,
      "recall_1000": 0.5398550724637681
    },
    {
      "split_name": "march_april_may",
      "date_field": "publishedDate",
      "months": "3,4,5",
      "query_count": 96,
      "doc_count": 525293,
      "ndcg_cut_10": 0.23161643491169284,
      "ndcg_cut_1000": 0.30602125419556647,
      "map": 0.19432416164960112,
      "recall_100": 0.5348995911495912,
      "recall_1000": 0.6013310185185186
    }
  ]
}