{
  "rows": [
    {
      "split_name": "march_only",
      "date_field": "publishedDate",
      "months": "3",
      "query_count": 74,
      "doc_count": 173031,
      "ndcg_cut_10": 0.15764086237961358,
      "ndcg_cut_1000": 0.18278520002232448,
      "map": 0.1299126139631111,
      "recall_100": 0.3558558558558559,
      "recall_1000": 0.3558558558558559
    },
    {
      "split_name": "march_april",
      "date_field": "publishedDate",
      "months": "3,4",
      "query_count": 92,
      "doc_count": 343421,
      "ndcg_cut_10": 0.18268536540320313,
      "ndcg_cut_1000": 0.23953227189554302,
      "map": 0.16031344383513332,
      "recall_100": 0.42952898550724644,
      "recall_1000": 0.5164855072463769
    },
    {
      "split_name": "march_april_may",
      "date_field": "publishedDate",
      "months": "3,4,5",
      "query_count": 96,
      "doc_count": 525293,
      "ndcg_cut_10": 0.21650740516416891,
      "ndcg_cut_1000": 0.29442503196345376,
      "map": 0.19511990135744336,
      "recall_100": 0.49567550505050506,
      "recall_1000": 0.5909015752765753
    }
  ]
}