{
  "rows": [
    {
      "split_name": "march_only",
      "date_field": "updatedDate",
      "months": "3",
      "query_count": 86,
      "doc_count": 48183,
      "ndcg_cut_10": 0.018574435533789815,
      "ndcg_cut_1000": 0.10486201662243029,
      "map": 0.02894624990174851,
      "recall_100": 0.436046511627907,
      "recall_1000": 0.4476744186046512
    },
    {
      "split_name": "march_april",
      "date_field": "updatedDate",
      "months": "3,4",
      "query_count": 95,
      "doc_count": 100241,
      "ndcg_cut_10": 0.0197178894276595,
      "ndcg_cut_1000": 0.1173881259300885,
      "map": 0.017857658948017163,
      "recall_100": 0.30907268170426067,
      "recall_1000": 0.5706015037593984
    },
    {
      "split_name": "march_april_may",
      "date_field": "updatedDate",
      "months": "3,4,5",
      "query_count": 100,
      "doc_count": 200527,
      "ndcg_cut_10": 0.013484528770311905,
      "ndcg_cut_1000": 0.1382098107317209,
      "map": 0.013095690960559266,
      "recall_100": 0.07067857142857142,
      "recall_1000": 0.7259603174603174
    }
  ]
}