{
  "rows": [
    {
      "split_name": "march_only",
      "date_field": "publishedDate",
      "months": "3",
      "query_count": 74,
      "doc_count": 173031,
      "ndcg_cut_10": 0.231395368595713,
      "ndcg_cut_1000": 0.2610752060804103,
      "map": 0.19523920510270878,
      "recall_100": 0.4527027027027027,
      "recall_1000": 0.4594594594594595
    },
    {
      "split_name": "march_april",
      "date_field": "publishedDate",
      "months": "3,4",
      "query_count": 92,
      "doc_count": 343421,
      "ndcg_cut_10": 0.22587916820329926,
      "ndcg_cut_1000": 0.2863439186131601,
      "map": 0.18910549845240265,
      "recall_100": 0.5580486542443064,
      "recall_1000": 0.5905797101449276
    },
    {
      "split_name": "march_april_may",
      "date_field": "publishedDate",
      "months": "3,4,5",
      "query_count": 96,
      "doc_count": 525293,
      "ndcg_cut_10": 0.2495384871934476,
      "ndcg_cut_1000": 0.33904031044619515,
      "map": 0.21514756013407307,
      "recall_100": 0.599495701058201,
      "recall_1000": 0.6524884259259259
    }
  ]
}