{
  "rows": [
    {
      "split_name": "march_only",
      "date_field": "createdDate",
      "months": "3",
      "query_count": 78,
      "doc_count": 49631,
      "ndcg_cut_10": 0.2366097470173559,
      "ndcg_cut_1000": 0.24953394854045505,
      "map": 0.20849626634201107,
      "recall_100": 0.36538461538461536,
      "recall_1000": 0.36538461538461536
    },
    {
      "split_name": "march_april",
      "date_field": "createdDate",
      "months": "3,4",
      "query_count": 93,
      "doc_count": 134355,
      "ndcg_cut_10": 0.24569388735555875,
      "ndcg_cut_1000": 0.287431852579757,
      "map": 0.20443852779454036,
      "recall_100": 0.5035842293906809,
      "recall_1000": 0.5232974910394265
    },
    {
      "split_name": "march_april_may",
      "date_field": "createdDate",
      "months": "3,4,5",
      "query_count": 97,
      "doc_count": 232307,
      "ndcg_cut_10": 0.27747637893490484,
      "ndcg_cut_1000": 0.35427791433448785,
      "map": 0.24393416723692227,
      "recall_100": 0.593233513336606,
      "recall_1000": 0.6307887416134839
    }
  ]
}