{
  "rows": [
    {
      "split_name": "march_only",
      "date_field": "publishedDate",
      "months": "3",
      "query_count": 74,
      "doc_count": 173031,
      "ndcg_cut_10": 0.24271982733394598,
      "ndcg_cut_1000": 0.263193029581736,
      "map": 0.19624993030555732,
      "recall_100": 0.4436936936936937,
      "recall_1000": 0.45720720720720726
    },
    {
      "split_name": "march_april",
      "date_field": "publishedDate",
      "months": "3,4",
      "query_count": 92,
      "doc_count": 343421,
      "ndcg_cut_10": 0.21384243913912507,
      "ndcg_cut_1000": 0.2829656485249746,
      "map": 0.17899131455882647,
      "recall_100": 0.5677536231884058,
      "recall_1000": 0.6282608695652173
    },
    {
      "split_name": "march_april_may",
      "date_field": "publishedDate",
      "months": "3,4,5",
      "query_count": 96,
      "doc_count": 525293,
      "ndcg_cut_10": 0.25261348018914,
      "ndcg_cut_1000": 0.3467781667842013,
      "map": 0.21910266417636182,
      "recall_100": 0.6078703703703704,
      "recall_1000": 0.6909722222222222
    }
  ]
}