{
  "rows": [
    {
      "split_name": "march_only",
      "date_field": "createdDate",
      "months": "3",
      "query_count": 78,
      "doc_count": 49631,
      "ndcg_cut_10": 0.2316227680558047,
      "ndcg_cut_1000": 0.2529271187963896,
      "map": 0.2112635130423414,
      "recall_100": 0.38461538461538464,
      "recall_1000": 0.38461538461538464
    },
    {
      "split_name": "march_april",
      "date_field": "createdDate",
      "months": "3,4",
      "query_count": 93,
      "doc_count": 134355,
      "ndcg_cut_10": 0.27102491680177787,
      "ndcg_cut_1000": 0.3096126765312026,
      "map": 0.22330949488277918,
      "recall_100": 0.5152329749103942,
      "recall_1000": 0.5515232974910395
    },
    {
      "split_name": "march_april_may",
      "date_field": "createdDate",
      "months": "3,4,5",
      "query_count": 97,
      "doc_count": 232307,
      "ndcg_cut_10": 0.2885376068781852,
      "ndcg_cut_1000": 0.35931441413776494,
      "map": 0.23534280335517835,
      "recall_100": 0.6124447717231222,
      "recall_1000": 0.6652348224513173
    }
  ]
}