method,source,qrels_variant,run_path,ndcg_cut_10,ndcg_cut_1000,map,recall_100,recall_1000
official_pyterrier,official_bm25_reference,dctr,outputs\baseline_reference\bm25-snapshot-train-run,0.29221559108544737,0.45639639909005075,0.2572624910389203,0.6836081280512302,0.8580615587340512
official_pyterrier_dense,official_qwen_reference,dctr,outputs\baseline_reference\qwen3-snapshot-train-run,0.282026334517185,0.44828436674215977,0.23777381921846763,0.6389806065954771,0.8613187064152928
custom_lexical_fulltext,fulltext_bm25,dctr,outputs\custom_lexical_fulltext\snapshot-1-train\run.txt,0.33017325367375333,0.5077353847617554,0.28526696916176536,0.7393793873631186,0.9245427700696421
custom_title_abstract_rm3,title_abstract_rm3,dctr,outputs\custom_title_abstract_rm3\snapshot-1-train\run.txt,0.27812922888061964,0.45101961070166363,0.24017243056035148,0.6559464540124164,0.8701397990870102
custom_title_abstract_rerank,title_abstract_rerank,dctr,outputs\custom_title_abstract_rerank\snapshot-1-train\run.txt,0.3221555267026372,0.48206049747119795,0.2777275142389519,0.6952075123579022,0.8580615587340512
