{
  "dataset_name": ".cache/ir_datasets/longeval-sci-2026/snapshot-1/train",
  "metrics": {
    "map": 0.08448257240764509,
    "ndcg_cut_10": 0.1456623561250156,
    "ndcg_cut_1000": 0.18921119329969552,
    "recall_100": 0.2837117566341704,
    "recall_1000": 0.30440255603085214
  },
  "snapshot_id": "snapshot-1"
}