{
  "dataset_name": ".cache/ir_datasets/longeval-sci-2026/snapshot-1/train",
  "metrics": {
    "map": 0.12448478563163165,
    "ndcg_cut_10": 0.13709032247623543,
    "ndcg_cut_1000": 0.3579710091723745,
    "recall_100": 0.5315712641761043,
    "recall_1000": 0.9387579763199453
  },
  "snapshot_id": "snapshot-1"
}