{
  "dataset_name": ".cache/ir_datasets/longeval-sci-2026/snapshot-1/train",
  "metrics": {
    "map": 0.26578908761232545,
    "ndcg_cut_10": 0.3309780749793819,
    "ndcg_cut_1000": 0.503358590921202,
    "recall_100": 0.6831384955595388,
    "recall_1000": 0.856086684751824
  },
  "snapshot_id": "snapshot-1"
}