{
  "dataset_name": ".cache/ir_datasets/longeval-sci-2026/snapshot-1/train",
  "metrics": {
    "map": 0.2401879205128772,
    "ndcg_cut_10": 0.31060204162806027,
    "ndcg_cut_1000": 0.4874811818577431,
    "recall_100": 0.6379022535759477,
    "recall_1000": 0.8555038235857043
  },
  "snapshot_id": "snapshot-1"
}