{
  "rows": [
    {
      "split_name": "march_only",
      "date_field": "createdDate",
      "months": "3",
      "query_count": 78,
      "doc_count": 49631,
      "ndcg_cut_10": 0.19741634024158858,
      "ndcg_cut_1000": 0.2194774911353325,
      "map": 0.1795254987930052,
      "recall_100": 0.3525641025641026,
      "recall_1000": 0.3525641025641026
    },
    {
      "split_name": "march_april",
      "date_field": "createdDate",
      "months": "3,4",
      "query_count": 93,
      "doc_count": 134355,
      "ndcg_cut_10": 0.2559925490097684,
      "ndcg_cut_1000": 0.2897054869555999,
      "map": 0.2267573574728072,
      "recall_100": 0.42317801672640376,
      "recall_1000": 0.4950716845878136
    },
    {
      "split_name": "march_april_may",
      "date_field": "createdDate",
      "months": "3,4,5",
      "query_count": 97,
      "doc_count": 232307,
      "ndcg_cut_10": 0.2883147038082524,
      "ndcg_cut_1000": 0.34058062141706336,
      "map": 0.25533637109190194,
      "recall_100": 0.46770986745213555,
      "recall_1000": 0.5795450826378661
    }
  ]
}