{
  "rows": [
    {
      "split_name": "march_only",
      "date_field": "updatedDate",
      "months": "3",
      "query_count": 86,
      "doc_count": 48183,
      "ndcg_cut_10": 0.2087656137713402,
      "ndcg_cut_1000": 0.23485226759339806,
      "map": 0.19728549827688904,
      "recall_100": 0.36434108527131787,
      "recall_1000": 0.36434108527131787
    },
    {
      "split_name": "march_april",
      "date_field": "updatedDate",
      "months": "3,4",
      "query_count": 95,
      "doc_count": 100241,
      "ndcg_cut_10": 0.27756751702396926,
      "ndcg_cut_1000": 0.3113953422525433,
      "map": 0.24554239288052462,
      "recall_100": 0.45827067669172933,
      "recall_1000": 0.49335839598997494
    },
    {
      "split_name": "march_april_may",
      "date_field": "updatedDate",
      "months": "3,4,5",
      "query_count": 100,
      "doc_count": 200527,
      "ndcg_cut_10": 0.29381232309107047,
      "ndcg_cut_1000": 0.3577535225133471,
      "map": 0.26266194747737004,
      "recall_100": 0.5178571428571429,
      "recall_1000": 0.6266825396825396
    }
  ]
}