{
  "rows": [
    {
      "split_name": "march_only",
      "date_field": "createdDate",
      "months": "3",
      "query_count": 78,
      "doc_count": 49631,
      "ndcg_cut_10": 0.20490593120240191,
      "ndcg_cut_1000": 0.21012973415014138,
      "map": 0.17885461961548918,
      "recall_100": 0.2905982905982906,
      "recall_1000": 0.2905982905982906
    },
    {
      "split_name": "march_april",
      "date_field": "createdDate",
      "months": "3,4",
      "query_count": 93,
      "doc_count": 134355,
      "ndcg_cut_10": 0.2617378853316688,
      "ndcg_cut_1000": 0.2898885327236322,
      "map": 0.227410263715078,
      "recall_100": 0.4642771804062126,
      "recall_1000": 0.4642771804062126
    },
    {
      "split_name": "march_april_may",
      "date_field": "createdDate",
      "months": "3,4,5",
      "query_count": 97,
      "doc_count": 232307,
      "ndcg_cut_10": 0.275069006256313,
      "ndcg_cut_1000": 0.3242860595347289,
      "map": 0.23919632190304055,
      "recall_100": 0.5370643102601864,
      "recall_1000": 0.5552282768777613
    }
  ]
}