{
  "rows": [
    {
      "split_name": "march_only",
      "date_field": "updatedDate",
      "months": "3",
      "query_count": 86,
      "doc_count": 48183,
      "ndcg_cut_10": 0.19608977594867866,
      "ndcg_cut_1000": 0.21406718739716724,
      "map": 0.16872516372516372,
      "recall_100": 0.3507751937984496,
      "recall_1000": 0.3507751937984496
    },
    {
      "split_name": "march_april",
      "date_field": "updatedDate",
      "months": "3,4",
      "query_count": 95,
      "doc_count": 100241,
      "ndcg_cut_10": 0.23567128279330832,
      "ndcg_cut_1000": 0.2753733508107106,
      "map": 0.19699607290142954,
      "recall_100": 0.49834586466165415,
      "recall_1000": 0.5024812030075188
    },
    {
      "split_name": "march_april_may",
      "date_field": "updatedDate",
      "months": "3,4,5",
      "query_count": 100,
      "doc_count": 200527,
      "ndcg_cut_10": 0.2821537889396776,
      "ndcg_cut_1000": 0.36174651270893043,
      "map": 0.2605610934702047,
      "recall_100": 0.606845238095238,
      "recall_1000": 0.6376706349206349
    }
  ]
}