{
  "rows": [
    {
      "split_name": "march_only",
      "date_field": "publishedDate",
      "months": "3",
      "query_count": 74,
      "doc_count": 173031,
      "ndcg_cut_10": 0.15802872790715564,
      "ndcg_cut_1000": 0.18992637682406427,
      "map": 0.13150922689727254,
      "recall_100": 0.3603603603603604,
      "recall_1000": 0.3738738738738739
    },
    {
      "split_name": "march_april",
      "date_field": "publishedDate",
      "months": "3,4",
      "query_count": 92,
      "doc_count": 343421,
      "ndcg_cut_10": 0.18830568671996187,
      "ndcg_cut_1000": 0.24218600706946436,
      "map": 0.1569878141697377,
      "recall_100": 0.5056159420289855,
      "recall_1000": 0.529891304347826
    },
    {
      "split_name": "march_april_may",
      "date_field": "publishedDate",
      "months": "3,4,5",
      "query_count": 96,
      "doc_count": 525293,
      "ndcg_cut_10": 0.22725092097324906,
      "ndcg_cut_1000": 0.3066240369537261,
      "map": 0.1943531530514284,
      "recall_100": 0.5553195646945649,
      "recall_1000": 0.604183201058201
    }
  ]
}