{
  "rows": [
    {
      "split_name": "march_only",
      "date_field": "publishedDate",
      "months": "3",
      "query_count": 74,
      "doc_count": 173031,
      "ndcg_cut_10": 0.27322683545862064,
      "ndcg_cut_1000": 0.29826635047825384,
      "map": 0.24207033221936552,
      "recall_100": 0.4436936936936937,
      "recall_1000": 0.45720720720720726
    },
    {
      "split_name": "march_april",
      "date_field": "publishedDate",
      "months": "3,4",
      "query_count": 92,
      "doc_count": 343421,
      "ndcg_cut_10": 0.2848566695436343,
      "ndcg_cut_1000": 0.33222008634435524,
      "map": 0.23817980181882262,
      "recall_100": 0.5639492753623189,
      "recall_1000": 0.6076086956521739
    },
    {
      "split_name": "march_april_may",
      "date_field": "publishedDate",
      "months": "3,4,5",
      "query_count": 96,
      "doc_count": 525293,
      "ndcg_cut_10": 0.2930324691697397,
      "ndcg_cut_1000": 0.3702724059446123,
      "map": 0.2487632574457659,
      "recall_100": 0.6108796296296296,
      "recall_1000": 0.6798611111111111
    }
  ]
}