{
  "rows": [
    {
      "split_name": "march_only",
      "date_field": "createdDate",
      "months": "3",
      "query_count": 78,
      "doc_count": 49631,
      "ndcg_cut_10": 0.25463777634645207,
      "ndcg_cut_1000": 0.27175179181034004,
      "map": 0.22911740644851805,
      "recall_100": 0.391025641025641,
      "recall_1000": 0.391025641025641
    },
    {
      "split_name": "march_april",
      "date_field": "createdDate",
      "months": "3,4",
      "query_count": 93,
      "doc_count": 134355,
      "ndcg_cut_10": 0.27414235568082224,
      "ndcg_cut_1000": 0.3121941538839551,
      "map": 0.23030604880626707,
      "recall_100": 0.5237455197132616,
      "recall_1000": 0.5367383512544802
    },
    {
      "split_name": "march_april_may",
      "date_field": "createdDate",
      "months": "3,4,5",
      "query_count": 97,
      "doc_count": 232307,
      "ndcg_cut_10": 0.2965452174211356,
      "ndcg_cut_1000": 0.361310532776808,
      "map": 0.24497235688372776,
      "recall_100": 0.6133202421862214,
      "recall_1000": 0.6494436262477499
    }
  ]
}