{
  "rows": [
    {
      "split_name": "march_only",
      "date_field": "createdDate",
      "months": "3",
      "query_count": 78,
      "doc_count": 49631,
      "ndcg_cut_10": 0.19340645271860285,
      "ndcg_cut_1000": 0.2097691031576904,
      "map": 0.18160411257224984,
      "recall_100": 0.2905982905982906,
      "recall_1000": 0.2905982905982906
    },
    {
      "split_name": "march_april",
      "date_field": "createdDate",
      "months": "3,4",
      "query_count": 93,
      "doc_count": 134355,
      "ndcg_cut_10": 0.24170086021265105,
      "ndcg_cut_1000": 0.27525196038529454,
      "map": 0.21340478444094432,
      "recall_100": 0.4481481481481481,
      "recall_1000": 0.4642771804062126
    },
    {
      "split_name": "march_april_may",
      "date_field": "createdDate",
      "months": "3,4,5",
      "query_count": 97,
      "doc_count": 232307,
      "ndcg_cut_10": 0.28776305488740644,
      "ndcg_cut_1000": 0.33494522353599154,
      "map": 0.24706055275105981,
      "recall_100": 0.539580265095729,
      "recall_1000": 0.5552282768777613
    }
  ]
}