{
  "rows": [
    {
      "split_name": "march_only",
      "date_field": "publishedDate",
      "months": "3",
      "query_count": 74,
      "doc_count": 173031,
      "ndcg_cut_10": 0.17674723977154674,
      "ndcg_cut_1000": 0.2024413589936183,
      "map": 0.1518321493189322,
      "recall_100": 0.34909909909909914,
      "recall_1000": 0.3558558558558559
    },
    {
      "split_name": "march_april",
      "date_field": "publishedDate",
      "months": "3,4",
      "query_count": 92,
      "doc_count": 343421,
      "ndcg_cut_10": 0.20466950866292538,
      "ndcg_cut_1000": 0.25573643699860077,
      "map": 0.1786421976597476,
      "recall_100": 0.4693840579710145,
      "recall_1000": 0.5164855072463769
    },
    {
      "split_name": "march_april_may",
      "date_field": "publishedDate",
      "months": "3,4,5",
      "query_count": 96,
      "doc_count": 525293,
      "ndcg_cut_10": 0.23770419065617412,
      "ndcg_cut_1000": 0.30772294806255385,
      "map": 0.2047822409643754,
      "recall_100": 0.5432201479076479,
      "recall_1000": 0.5909015752765753
    }
  ]
}