{
  "rows": [
    {
      "split_name": "march_only",
      "date_field": "createdDate",
      "months": "3",
      "query_count": 78,
      "doc_count": 49631,
      "ndcg_cut_10": 0.1916241338811832,
      "ndcg_cut_1000": 0.20226698746077906,
      "map": 0.17051016192892623,
      "recall_100": 0.2905982905982906,
      "recall_1000": 0.2905982905982906
    },
    {
      "split_name": "march_april",
      "date_field": "createdDate",
      "months": "3,4",
      "query_count": 93,
      "doc_count": 134355,
      "ndcg_cut_10": 0.2395538262716406,
      "ndcg_cut_1000": 0.27501246654765593,
      "map": 0.21487391157112612,
      "recall_100": 0.4589008363201911,
      "recall_1000": 0.4642771804062126
    },
    {
      "split_name": "march_april_may",
      "date_field": "createdDate",
      "months": "3,4,5",
      "query_count": 97,
      "doc_count": 232307,
      "ndcg_cut_10": 0.23824455914153098,
      "ndcg_cut_1000": 0.3003500581167029,
      "map": 0.21656750384396586,
      "recall_100": 0.5284732449680903,
      "recall_1000": 0.5552282768777613
    }
  ]
}