{
  "rows": [
    {
      "split_name": "march_only",
      "date_field": "publishedDate",
      "months": "3",
      "query_count": 74,
      "doc_count": 173031,
      "ndcg_cut_10": 0.15714185666267264,
      "ndcg_cut_1000": 0.18351158035505152,
      "map": 0.1294105285255151,
      "recall_100": 0.3558558558558559,
      "recall_1000": 0.3558558558558559
    },
    {
      "split_name": "march_april",
      "date_field": "publishedDate",
      "months": "3,4",
      "query_count": 92,
      "doc_count": 343421,
      "ndcg_cut_10": 0.1936544223947364,
      "ndcg_cut_1000": 0.2510555588963605,
      "map": 0.17476789729451472,
      "recall_100": 0.42952898550724644,
      "recall_1000": 0.5164855072463769
    },
    {
      "split_name": "march_april_may",
      "date_field": "publishedDate",
      "months": "3,4,5",
      "query_count": 96,
      "doc_count": 525293,
      "ndcg_cut_10": 0.22367583798955848,
      "ndcg_cut_1000": 0.30157729613215195,
      "map": 0.20491498629795202,
      "recall_100": 0.49046717171717175,
      "recall_1000": 0.5909015752765753
    }
  ]
}