{
  "rows": [
    {
      "split_name": "march_only",
      "date_field": "updatedDate",
      "months": "3",
      "query_count": 86,
      "doc_count": 48183,
      "ndcg_cut_10": 0.012405829679616157,
      "ndcg_cut_1000": 0.07545997785926037,
      "map": 0.014926489834532574,
      "recall_100": 0.3507751937984496,
      "recall_1000": 0.3507751937984496
    },
    {
      "split_name": "march_april",
      "date_field": "updatedDate",
      "months": "3,4",
      "query_count": 95,
      "doc_count": 100241,
      "ndcg_cut_10": 0.014906625112438607,
      "ndcg_cut_1000": 0.10760446758356847,
      "map": 0.01991253400197429,
      "recall_100": 0.3267919799498747,
      "recall_1000": 0.5077443609022556
    },
    {
      "split_name": "march_april_may",
      "date_field": "updatedDate",
      "months": "3,4,5",
      "query_count": 100,
      "doc_count": 200527,
      "ndcg_cut_10": 0.013160332401963116,
      "ndcg_cut_1000": 0.1254041551988354,
      "map": 0.01631723713218418,
      "recall_100": 0.10892857142857144,
      "recall_1000": 0.6348373015873015
    }
  ]
}