{
  "rows": [
    {
      "split_name": "march_only",
      "date_field": "updatedDate",
      "months": "3",
      "query_count": 86,
      "doc_count": 48183,
      "ndcg_cut_10": 0.20412193455110814,
      "ndcg_cut_1000": 0.2267085625389756,
      "map": 0.17014958087645807,
      "recall_100": 0.4031007751937985,
      "recall_1000": 0.4031007751937985
    },
    {
      "split_name": "march_april",
      "date_field": "updatedDate",
      "months": "3,4",
      "query_count": 95,
      "doc_count": 100241,
      "ndcg_cut_10": 0.2533572015821528,
      "ndcg_cut_1000": 0.29724542247103175,
      "map": 0.2098500299346343,
      "recall_100": 0.5255388471177944,
      "recall_1000": 0.5375689223057644
    },
    {
      "split_name": "march_april_may",
      "date_field": "updatedDate",
      "months": "3,4,5",
      "query_count": 100,
      "doc_count": 200527,
      "ndcg_cut_10": 0.26300160620818014,
      "ndcg_cut_1000": 0.34763743498352107,
      "map": 0.21766233791109016,
      "recall_100": 0.6176150793650792,
      "recall_1000": 0.680015873015873
    }
  ]
}