{
  "rows": [
    {
      "split_name": "march_only",
      "date_field": "publishedDate",
      "months": "3",
      "query_count": 74,
      "doc_count": 173031,
      "ndcg_cut_10": 0.19605922616516355,
      "ndcg_cut_1000": 0.22512408943540518,
      "map": 0.15549205975852037,
      "recall_100": 0.42792792792792794,
      "recall_1000": 0.43018018018018017
    },
    {
      "split_name": "march_april",
      "date_field": "publishedDate",
      "months": "3,4",
      "query_count": 92,
      "doc_count": 343421,
      "ndcg_cut_10": 0.19021726842301281,
      "ndcg_cut_1000": 0.25267930610102546,
      "map": 0.1560869169761552,
      "recall_100": 0.5367753623188406,
      "recall_1000": 0.5833333333333333
    },
    {
      "split_name": "march_april_may",
      "date_field": "publishedDate",
      "months": "3,4,5",
      "query_count": 96,
      "doc_count": 525293,
      "ndcg_cut_10": 0.22997740139365966,
      "ndcg_cut_1000": 0.30389636325729047,
      "map": 0.1844829280730564,
      "recall_100": 0.539508177008177,
      "recall_1000": 0.63125
    }
  ]
}