{
  "rows": [
    {
      "split_name": "march_only",
      "date_field": "publishedDate",
      "months": "3",
      "query_count": 74,
      "doc_count": 173031,
      "ndcg_cut_10": 0.002761924291736299,
      "ndcg_cut_1000": 0.05567438415578017,
      "map": 0.0041493842228093915,
      "recall_100": 0.0518018018018018,
      "recall_1000": 0.3558558558558559
    },
    {
      "split_name": "march_april",
      "date_field": "publishedDate",
      "months": "3,4",
      "query_count": 92,
      "doc_count": 343421,
      "ndcg_cut_10": 0.0033323216998122737,
      "ndcg_cut_1000": 0.07617927462199277,
      "map": 0.005225084949248479,
      "recall_100": 0.04166666666666667,
      "recall_1000": 0.5164855072463769
    },
    {
      "split_name": "march_april_may",
      "date_field": "publishedDate",
      "months": "3,4,5",
      "query_count": 96,
      "doc_count": 525293,
      "ndcg_cut_10": 0.007117721124050221,
      "ndcg_cut_1000": 0.09130218660832644,
      "map": 0.005948329590053352,
      "recall_100": 0.03524756493506493,
      "recall_1000": 0.5909015752765753
    }
  ]
}