{
  "rows": [
    {
      "split_name": "march_only",
      "date_field": "createdDate",
      "months": "3",
      "query_count": 78,
      "doc_count": 49631,
      "ndcg_cut_10": 0.0014669182685436407,
      "ndcg_cut_1000": 0.05955274581580092,
      "map": 0.010099114937026223,
      "recall_100": 0.2905982905982906,
      "recall_1000": 0.2905982905982906
    },
    {
      "split_name": "march_april",
      "date_field": "createdDate",
      "months": "3,4",
      "query_count": 93,
      "doc_count": 134355,
      "ndcg_cut_10": 0.005861211971174963,
      "ndcg_cut_1000": 0.08619391298133945,
      "map": 0.010882796528292092,
      "recall_100": 0.10483870967741937,
      "recall_1000": 0.4642771804062126
    },
    {
      "split_name": "march_april_may",
      "date_field": "createdDate",
      "months": "3,4,5",
      "query_count": 97,
      "doc_count": 232307,
      "ndcg_cut_10": 0.0070522174724799895,
      "ndcg_cut_1000": 0.09869557707692957,
      "map": 0.009911416961814294,
      "recall_100": 0.07158811978399608,
      "recall_1000": 0.5552282768777613
    }
  ]
}