{
  "rows": [
    {
      "split_name": "march_only",
      "date_field": "createdDate",
      "months": "3",
      "query_count": 78,
      "doc_count": 49631,
      "ndcg_cut_10": 0.010660956789533623,
      "ndcg_cut_1000": 0.08228475702171179,
      "map": 0.01828670711493219,
      "recall_100": 0.3525641025641026,
      "recall_1000": 0.36538461538461536
    },
    {
      "split_name": "march_april",
      "date_field": "createdDate",
      "months": "3,4",
      "query_count": 93,
      "doc_count": 134355,
      "ndcg_cut_10": 0.018534126163274323,
      "ndcg_cut_1000": 0.10699153710321606,
      "map": 0.016374198117279852,
      "recall_100": 0.17971923536439666,
      "recall_1000": 0.5232974910394265
    },
    {
      "split_name": "march_april_may",
      "date_field": "createdDate",
      "months": "3,4,5",
      "query_count": 97,
      "doc_count": 232307,
      "ndcg_cut_10": 0.010236322315780082,
      "ndcg_cut_1000": 0.11761289936595172,
      "map": 0.010761788654189676,
      "recall_100": 0.05445099001800033,
      "recall_1000": 0.6307887416134839
    }
  ]
}