{
  "rows": [
    {
      "split_name": "march_only",
      "date_field": "publishedDate",
      "months": "3",
      "query_count": 74,
      "doc_count": 173031,
      "ndcg_cut_10": 0.018874470866844288,
      "ndcg_cut_1000": 0.09248278858434872,
      "map": 0.02294585340593536,
      "recall_100": 0.12387387387387387,
      "recall_1000": 0.4594594594594595
    },
    {
      "split_name": "march_april",
      "date_field": "publishedDate",
      "months": "3,4",
      "query_count": 92,
      "doc_count": 343421,
      "ndcg_cut_10": 0.006392264053092907,
      "ndcg_cut_1000": 0.09432261887581647,
      "map": 0.007939830151852862,
      "recall_100": 0.07518115942028986,
      "recall_1000": 0.5905797101449276
    },
    {
      "split_name": "march_april_may",
      "date_field": "publishedDate",
      "months": "3,4,5",
      "query_count": 96,
      "doc_count": 525293,
      "ndcg_cut_10": 0.00628616480318724,
      "ndcg_cut_1000": 0.10580693146152768,
      "map": 0.006923753672582616,
      "recall_100": 0.034589947089947094,
      "recall_1000": 0.6524884259259259
    }
  ]
}